id_provincia,nombre_provincia,anio,semana_epidemiologica,total_casos
2,CABA,2018,6,2.0
2,CABA,2018,8,3.0
2,CABA,2018,9,5.0
2,CABA,2018,10,5.0
2,CABA,2018,11,6.0
2,CABA,2018,12,10.0
2,CABA,2018,13,9.0
2,CABA,2018,14,8.0
2,CABA,2018,15,11.0
2,CABA,2018,16,16.0
2,CABA,2018,17,10.0
2,CABA,2018,18,19.0
2,CABA,2018,19,4.0
2,CABA,2018,21,2.0
2,CABA,2018,24,1.0
6,Buenos Aires,2018,7,2.0
6,Buenos Aires,2018,8,1.0
6,Buenos Aires,2018,9,6.0
6,Buenos Aires,2018,10,10.0
6,Buenos Aires,2018,11,14.0
6,Buenos Aires,2018,12,9.0
6,Buenos Aires,2018,13,11.0
6,Buenos Aires,2018,14,25.0
6,Buenos Aires,2018,15,18.0
6,Buenos Aires,2018,16,14.0
6,Buenos Aires,2018,17,13.0
6,Buenos Aires,2018,18,14.0
6,Buenos Aires,2018,19,8.0
6,Buenos Aires,2018,20,3.0
6,Buenos Aires,2018,21,4.0
14,Cordoba,2018,10,1.0
14,Cordoba,2018,12,7.0
14,Cordoba,2018,13,5.0
14,Cordoba,2018,15,1.0
14,Cordoba,2018,16,2.0
14,Cordoba,2018,17,1.0
14,Cordoba,2018,21,1.0
18,Corrientes,2018,11,1.0
18,Corrientes,2018,16,1.0
18,Corrientes,2018,17,1.0
18,Corrientes,2018,18,1.0
18,Corrientes,2018,19,3.0
18,Corrientes,2018,20,6.0
18,Corrientes,2018,21,1.0
18,Corrientes,2018,23,1.0
22,Chaco,2018,4,1.0
22,Chaco,2018,10,1.0
22,Chaco,2018,11,1.0
22,Chaco,2018,12,7.0
22,Chaco,2018,13,14.0
22,Chaco,2018,14,17.0
22,Chaco,2018,15,13.0
22,Chaco,2018,16,56.0
22,Chaco,2018,17,76.0
22,Chaco,2018,18,84.0
22,Chaco,2018,19,139.0
22,Chaco,2018,20,105.0
22,Chaco,2018,21,35.0
22,Chaco,2018,22,16.0
22,Chaco,2018,23,15.0
22,Chaco,2018,27,1.0
30,Entre Rios,2018,20,1.0
31,Entre Rios,2018,14,1.0
32,Entre Rios,2018,16,1.0
33,Entre Rios,2018,16,1.0
34,Formosa,2018,1,3.0
34,Formosa,2018,3,1.0
34,Formosa,2018,7,2.0
34,Formosa,2018,8,1.0
34,Formosa,2018,9,2.0
34,Formosa,2018,10,2.0
34,Formosa,2018,11,4.0
34,Formosa,2018,12,3.0
34,Formosa,2018,13,1.0
34,Formosa,2018,18,1.0
34,Formosa,2018,19,1.0
34,Formosa,2018,20,2.0
54,Misiones,2018,2,1.0
54,Misiones,2018,8,2.0
54,Misiones,2018,10,2.0
54,Misiones,2018,11,4.0
54,Misiones,2018,12,6.0
54,Misiones,2018,13,5.0
54,Misiones,2018,14,10.0
54,Misiones,2018,15,6.0
54,Misiones,2018,16,6.0
54,Misiones,2018,17,21.0
54,Misiones,2018,18,18.0
54,Misiones,2018,19,29.0
54,Misiones,2018,20,19.0
54,Misiones,2018,21,8.0
54,Misiones,2018,22,5.0
54,Misiones,2018,26,3.0
66,Salta,2018,11,0.0
66,Salta,2018,15,1.0
66,Salta,2018,20,6.0
82,Santa Fe,2018,15,1.0
82,Santa Fe,2018,18,1.0
82,Santa Fe,2018,19,2.0
82,Santa Fe,2018,21,1.0
82,Santa Fe,2018,23,1.0
86,Santiago del Estero,2018,5,2.0
86,Santiago del Estero,2018,14,1.0
86,Santiago del Estero,2018,15,7.0
86,Santiago del Estero,2018,16,35.0
86,Santiago del Estero,2018,17,35.0
86,Santiago del Estero,2018,18,20.0
90,Tucuman,2018,14,1.0
90,Tucuman,2018,22,1.0
2,CABA,2019,3,1.0
2,CABA,2019,7,2.0
2,CABA,2019,8,1.0
2,CABA,2019,9,1.0
2,CABA,2019,11,2.0
2,CABA,2019,12,1.0
2,CABA,2019,13,2.0
2,CABA,2019,14,2.0
2,CABA,2019,15,4.0
2,CABA,2019,16,1.0
2,CABA,2019,17,3.0
2,CABA,2019,19,1.0
2,CABA,2019,21,1.0
2,CABA,2019,49,1.0
2,CABA,2019,51,1.0
6,Buenos Aires,2019,6,1.0
6,Buenos Aires,2019,7,3.0
6,Buenos Aires,2019,9,7.0
6,Buenos Aires,2019,11,2.0
6,Buenos Aires,2019,12,6.0
6,Buenos Aires,2019,13,8.0
6,Buenos Aires,2019,14,6.0
6,Buenos Aires,2019,15,5.0
6,Buenos Aires,2019,16,8.0
6,Buenos Aires,2019,17,3.0
6,Buenos Aires,2019,18,4.0
6,Buenos Aires,2019,19,3.0
6,Buenos Aires,2019,21,1.0
6,Buenos Aires,2019,23,1.0
6,Buenos Aires,2019,26,1.0
14,Cordoba,2019,9,1.0
14,Cordoba,2019,17,1.0
14,Cordoba,2019,19,1.0
22,Chaco,2019,2,1.0
22,Chaco,2019,8,1.0
22,Chaco,2019,10,1.0
22,Chaco,2019,11,2.0
22,Chaco,2019,12,3.0
22,Chaco,2019,13,2.0
22,Chaco,2019,14,4.0
22,Chaco,2019,15,7.0
22,Chaco,2019,16,2.0
22,Chaco,2019,17,3.0
22,Chaco,2019,18,8.0
22,Chaco,2019,19,23.0
22,Chaco,2019,20,33.0
22,Chaco,2019,21,16.0
22,Chaco,2019,22,6.0
22,Chaco,2019,24,2.0
22,Chaco,2019,25,1.0
22,Chaco,2019,26,2.0
22,Chaco,2019,27,1.0
22,Chaco,2019,36,1.0
22,Chaco,2019,48,1.0
34,Formosa,2019,1,2.0
34,Formosa,2019,2,4.0
34,Formosa,2019,3,7.0
34,Formosa,2019,14,1.0
38,Jujuy,2019,7,2.0
38,Jujuy,2019,8,1.0
38,Jujuy,2019,9,4.0
38,Jujuy,2019,10,10.0
38,Jujuy,2019,11,13.0
38,Jujuy,2019,12,7.0
38,Jujuy,2019,13,20.0
38,Jujuy,2019,14,33.0
38,Jujuy,2019,15,41.0
38,Jujuy,2019,16,37.0
38,Jujuy,2019,17,69.0
38,Jujuy,2019,18,66.0
38,Jujuy,2019,19,93.0
38,Jujuy,2019,20,73.0
38,Jujuy,2019,21,48.0
38,Jujuy,2019,22,9.0
38,Jujuy,2019,23,16.0
38,Jujuy,2019,24,7.0
38,Jujuy,2019,25,4.0
38,Jujuy,2019,29,1.0
54,Misiones,2019,1,5.0
54,Misiones,2019,2,3.0
54,Misiones,2019,3,6.0
54,Misiones,2019,4,6.0
54,Misiones,2019,5,9.0
54,Misiones,2019,6,21.0
54,Misiones,2019,7,18.0
54,Misiones,2019,8,25.0
54,Misiones,2019,9,11.0
54,Misiones,2019,10,19.0
54,Misiones,2019,11,40.0
54,Misiones,2019,12,41.0
54,Misiones,2019,13,8.0
54,Misiones,2019,14,30.0
54,Misiones,2019,15,43.0
54,Misiones,2019,16,32.0
54,Misiones,2019,17,26.0
54,Misiones,2019,18,26.0
54,Misiones,2019,19,39.0
54,Misiones,2019,20,57.0
54,Misiones,2019,21,29.0
54,Misiones,2019,22,23.0
54,Misiones,2019,23,5.0
54,Misiones,2019,24,2.0
54,Misiones,2019,36,1.0
54,Misiones,2019,39,1.0
54,Misiones,2019,41,1.0
54,Misiones,2019,43,1.0
54,Misiones,2019,44,3.0
54,Misiones,2019,45,4.0
54,Misiones,2019,46,6.0
54,Misiones,2019,48,9.0
54,Misiones,2019,49,5.0
54,Misiones,2019,50,7.0
54,Misiones,2019,51,9.0
54,Misiones,2019,52,1.0
66,Salta,2019,2,2.0
66,Salta,2019,3,7.0
66,Salta,2019,4,13.0
66,Salta,2019,5,44.0
66,Salta,2019,6,87.0
66,Salta,2019,7,36.0
66,Salta,2019,8,17.0
66,Salta,2019,9,21.0
66,Salta,2019,10,60.0
66,Salta,2019,11,69.0
66,Salta,2019,12,56.0
66,Salta,2019,13,55.0
66,Salta,2019,14,54.0
66,Salta,2019,15,42.0
66,Salta,2019,16,31.0
66,Salta,2019,17,48.0
66,Salta,2019,18,55.0
66,Salta,2019,19,90.0
66,Salta,2019,20,76.0
66,Salta,2019,21,37.0
66,Salta,2019,22,10.0
66,Salta,2019,23,11.0
66,Salta,2019,24,4.0
66,Salta,2019,25,6.0
66,Salta,2019,26,3.0
66,Salta,2019,27,4.0
66,Salta,2019,28,1.0
66,Salta,2019,29,1.0
66,Salta,2019,30,2.0
66,Salta,2019,52,2.0
82,Santa Fe,2019,1,1.0
82,Santa Fe,2019,2,3.0
82,Santa Fe,2019,3,3.0
82,Santa Fe,2019,4,11.0
82,Santa Fe,2019,5,18.0
82,Santa Fe,2019,6,19.0
82,Santa Fe,2019,7,18.0
82,Santa Fe,2019,8,34.0
82,Santa Fe,2019,9,28.0
82,Santa Fe,2019,10,29.0
82,Santa Fe,2019,11,32.0
82,Santa Fe,2019,12,17.0
82,Santa Fe,2019,13,37.0
82,Santa Fe,2019,14,45.0
82,Santa Fe,2019,15,49.0
82,Santa Fe,2019,16,48.0
82,Santa Fe,2019,17,31.0
82,Santa Fe,2019,18,18.0
82,Santa Fe,2019,19,20.0
82,Santa Fe,2019,20,20.0
82,Santa Fe,2019,21,6.0
82,Santa Fe,2019,22,4.0
82,Santa Fe,2019,23,2.0
82,Santa Fe,2019,24,2.0
86,Santiago del Estero,2019,5,1.0
86,Santiago del Estero,2019,14,1.0
86,Santiago del Estero,2019,17,1.0
86,Santiago del Estero,2019,18,1.0
90,Tucuman,2019,13,1.0
90,Tucuman,2019,15,1.0
90,Tucuman,2019,19,1.0
90,Tucuman,2019,20,1.0
90,Tucuman,2019,21,1.0
0,Sin Especificar,2020,10,2.0
0,Sin Especificar,2020,15,1.0
0,Sin Especificar,2020,19,1.0
0,Sin Especificar,2020,24,1.0
0,Sin Especificar,2020,6,1.0
0,Sin Especificar,2020,8,1.0
2,CABA,2020,1,1.0
2,CABA,2020,10,495.0
2,CABA,2020,11,842.0
2,CABA,2020,12,593.0
2,CABA,2020,13,558.0
2,CABA,2020,14,981.0
2,CABA,2020,15,793.0
2,CABA,2020,16,650.0
2,CABA,2020,17,481.0
2,CABA,2020,18,449.0
2,CABA,2020,19,253.0
2,CABA,2020,2,1.0
2,CABA,2020,20,132.0
2,CABA,2020,21,54.0
2,CABA,2020,22,26.0
2,CABA,2020,23,6.0
2,CABA,2020,24,7.0
2,CABA,2020,25,1.0
2,CABA,2020,26,1.0
2,CABA,2020,29,3.0
2,CABA,2020,3,4.0
2,CABA,2020,38,1.0
2,CABA,2020,39,1.0
2,CABA,2020,4,8.0
2,CABA,2020,42,1.0
2,CABA,2020,48,3.0
2,CABA,2020,5,17.0
2,CABA,2020,52,1.0
2,CABA,2020,53,1.0
2,CABA,2020,6,34.0
2,CABA,2020,7,70.0
2,CABA,2020,8,157.0
2,CABA,2020,9,238.0
6,Buenos Aires,2020,10,504.0
6,Buenos Aires,2020,11,969.0
6,Buenos Aires,2020,12,642.0
6,Buenos Aires,2020,13,537.0
6,Buenos Aires,2020,14,779.0
6,Buenos Aires,2020,15,687.0
6,Buenos Aires,2020,16,459.0
6,Buenos Aires,2020,17,330.0
6,Buenos Aires,2020,18,292.0
6,Buenos Aires,2020,19,176.0
6,Buenos Aires,2020,2,1.0
6,Buenos Aires,2020,20,141.0
6,Buenos Aires,2020,21,84.0
6,Buenos Aires,2020,22,49.0
6,Buenos Aires,2020,23,11.0
6,Buenos Aires,2020,24,11.0
6,Buenos Aires,2020,27,1.0
6,Buenos Aires,2020,3,4.0
6,Buenos Aires,2020,30,1.0
6,Buenos Aires,2020,32,1.0
6,Buenos Aires,2020,36,1.0
6,Buenos Aires,2020,39,1.0
6,Buenos Aires,2020,4,8.0
6,Buenos Aires,2020,40,1.0
6,Buenos Aires,2020,44,1.0
6,Buenos Aires,2020,45,1.0
6,Buenos Aires,2020,47,2.0
6,Buenos Aires,2020,48,2.0
6,Buenos Aires,2020,5,17.0
6,Buenos Aires,2020,51,1.0
6,Buenos Aires,2020,6,20.0
6,Buenos Aires,2020,7,77.0
6,Buenos Aires,2020,8,157.0
6,Buenos Aires,2020,9,267.0
10,Catamarca,2020,10,11.0
10,Catamarca,2020,11,43.0
10,Catamarca,2020,12,70.0
10,Catamarca,2020,13,50.0
10,Catamarca,2020,14,30.0
10,Catamarca,2020,15,12.0
10,Catamarca,2020,16,15.0
10,Catamarca,2020,17,30.0
10,Catamarca,2020,18,25.0
10,Catamarca,2020,19,7.0
10,Catamarca,2020,20,9.0
10,Catamarca,2020,21,5.0
10,Catamarca,2020,22,2.0
10,Catamarca,2020,7,1.0
10,Catamarca,2020,8,5.0
10,Catamarca,2020,9,11.0
14,Cordoba,2020,10,149.0
14,Cordoba,2020,11,318.0
14,Cordoba,2020,12,396.0
14,Cordoba,2020,13,488.0
14,Cordoba,2020,14,490.0
14,Cordoba,2020,15,424.0
14,Cordoba,2020,16,323.0
14,Cordoba,2020,17,260.0
14,Cordoba,2020,18,180.0
14,Cordoba,2020,19,140.0
14,Cordoba,2020,20,106.0
14,Cordoba,2020,21,51.0
14,Cordoba,2020,22,18.0
14,Cordoba,2020,23,4.0
14,Cordoba,2020,24,1.0
14,Cordoba,2020,25,3.0
14,Cordoba,2020,27,1.0
14,Cordoba,2020,4,2.0
14,Cordoba,2020,5,10.0
14,Cordoba,2020,51,1.0
14,Cordoba,2020,6,13.0
14,Cordoba,2020,7,35.0
14,Cordoba,2020,8,107.0
14,Cordoba,2020,9,77.0
18,Corrientes,2020,10,144.0
18,Corrientes,2020,11,118.0
18,Corrientes,2020,12,215.0
18,Corrientes,2020,13,141.0
18,Corrientes,2020,14,200.0
18,Corrientes,2020,15,108.0
18,Corrientes,2020,16,176.0
18,Corrientes,2020,17,169.0
18,Corrientes,2020,18,213.0
18,Corrientes,2020,19,296.0
18,Corrientes,2020,20,243.0
18,Corrientes,2020,21,117.0
18,Corrientes,2020,22,71.0
18,Corrientes,2020,23,36.0
18,Corrientes,2020,24,20.0
18,Corrientes,2020,25,22.0
18,Corrientes,2020,26,26.0
18,Corrientes,2020,27,13.0
18,Corrientes,2020,28,6.0
18,Corrientes,2020,29,4.0
18,Corrientes,2020,3,1.0
18,Corrientes,2020,30,5.0
18,Corrientes,2020,32,1.0
18,Corrientes,2020,35,2.0
18,Corrientes,2020,36,1.0
18,Corrientes,2020,4,2.0
18,Corrientes,2020,49,1.0
18,Corrientes,2020,5,10.0
18,Corrientes,2020,52,1.0
18,Corrientes,2020,6,9.0
18,Corrientes,2020,7,19.0
18,Corrientes,2020,8,27.0
18,Corrientes,2020,9,102.0
22,Chaco,2020,10,148.0
22,Chaco,2020,11,214.0
22,Chaco,2020,12,187.0
22,Chaco,2020,13,209.0
22,Chaco,2020,14,210.0
22,Chaco,2020,15,185.0
22,Chaco,2020,16,321.0
22,Chaco,2020,17,239.0
22,Chaco,2020,18,214.0
22,Chaco,2020,19,388.0
22,Chaco,2020,20,257.0
22,Chaco,2020,21,123.0
22,Chaco,2020,22,58.0
22,Chaco,2020,23,30.0
22,Chaco,2020,24,21.0
22,Chaco,2020,25,13.0
22,Chaco,2020,26,13.0
22,Chaco,2020,27,10.0
22,Chaco,2020,3,2.0
22,Chaco,2020,31,1.0
22,Chaco,2020,36,1.0
22,Chaco,2020,4,4.0
22,Chaco,2020,40,1.0
22,Chaco,2020,43,1.0
22,Chaco,2020,49,1.0
22,Chaco,2020,5,7.0
22,Chaco,2020,6,10.0
22,Chaco,2020,7,22.0
22,Chaco,2020,8,55.0
22,Chaco,2020,9,94.0
26,Chubut,2020,16,1.0
26,Chubut,2020,26,1.0
30,Entre Rios,2020,10,24.0
30,Entre Rios,2020,11,27.0
30,Entre Rios,2020,12,46.0
30,Entre Rios,2020,13,93.0
30,Entre Rios,2020,14,115.0
30,Entre Rios,2020,15,83.0
30,Entre Rios,2020,16,44.0
30,Entre Rios,2020,17,38.0
30,Entre Rios,2020,18,25.0
30,Entre Rios,2020,19,18.0
30,Entre Rios,2020,2,1.0
30,Entre Rios,2020,20,10.0
30,Entre Rios,2020,21,6.0
30,Entre Rios,2020,23,1.0
30,Entre Rios,2020,24,1.0
30,Entre Rios,2020,4,4.0
30,Entre Rios,2020,5,1.0
30,Entre Rios,2020,6,8.0
30,Entre Rios,2020,7,8.0
30,Entre Rios,2020,8,10.0
30,Entre Rios,2020,9,18.0
34,Formosa,2020,1,3.0
34,Formosa,2020,10,260.0
34,Formosa,2020,11,172.0
34,Formosa,2020,12,144.0
34,Formosa,2020,13,103.0
34,Formosa,2020,14,174.0
34,Formosa,2020,15,144.0
34,Formosa,2020,16,206.0
34,Formosa,2020,17,209.0
34,Formosa,2020,18,103.0
34,Formosa,2020,19,141.0
34,Formosa,2020,2,2.0
34,Formosa,2020,20,222.0
34,Formosa,2020,21,152.0
34,Formosa,2020,22,106.0
34,Formosa,2020,23,54.0
34,Formosa,2020,24,56.0
34,Formosa,2020,25,47.0
34,Formosa,2020,26,36.0
34,Formosa,2020,27,20.0
34,Formosa,2020,28,14.0
34,Formosa,2020,29,10.0
34,Formosa,2020,3,4.0
34,Formosa,2020,30,19.0
34,Formosa,2020,32,3.0
34,Formosa,2020,33,1.0
34,Formosa,2020,34,1.0
34,Formosa,2020,35,2.0
34,Formosa,2020,36,2.0
34,Formosa,2020,37,3.0
34,Formosa,2020,39,2.0
34,Formosa,2020,4,27.0
34,Formosa,2020,40,2.0
34,Formosa,2020,42,2.0
34,Formosa,2020,44,2.0
34,Formosa,2020,45,3.0
34,Formosa,2020,5,39.0
34,Formosa,2020,6,50.0
34,Formosa,2020,7,93.0
34,Formosa,2020,8,201.0
34,Formosa,2020,9,272.0
38,Jujuy,2020,10,86.0
38,Jujuy,2020,11,124.0
38,Jujuy,2020,12,292.0
38,Jujuy,2020,13,510.0
38,Jujuy,2020,14,448.0
38,Jujuy,2020,15,279.0
38,Jujuy,2020,16,643.0
38,Jujuy,2020,17,676.0
38,Jujuy,2020,18,587.0
38,Jujuy,2020,19,629.0
38,Jujuy,2020,20,443.0
38,Jujuy,2020,21,264.0
38,Jujuy,2020,22,93.0
38,Jujuy,2020,23,25.0
38,Jujuy,2020,24,8.0
38,Jujuy,2020,25,6.0
38,Jujuy,2020,26,3.0
38,Jujuy,2020,28,1.0
38,Jujuy,2020,3,3.0
38,Jujuy,2020,4,4.0
38,Jujuy,2020,5,8.0
38,Jujuy,2020,6,24.0
38,Jujuy,2020,7,15.0
38,Jujuy,2020,8,21.0
38,Jujuy,2020,9,39.0
42,La Pampa,2020,11,1.0
42,La Pampa,2020,14,2.0
42,La Pampa,2020,15,1.0
42,La Pampa,2020,9,2.0
46,La Rioja,2020,10,131.0
46,La Rioja,2020,11,194.0
46,La Rioja,2020,12,251.0
46,La Rioja,2020,13,67.0
46,La Rioja,2020,14,38.0
46,La Rioja,2020,15,18.0
46,La Rioja,2020,16,17.0
46,La Rioja,2020,17,28.0
46,La Rioja,2020,18,6.0
46,La Rioja,2020,19,9.0
46,La Rioja,2020,20,11.0
46,La Rioja,2020,21,2.0
46,La Rioja,2020,22,1.0
46,La Rioja,2020,23,1.0
46,La Rioja,2020,25,3.0
46,La Rioja,2020,4,2.0
46,La Rioja,2020,5,7.0
46,La Rioja,2020,6,5.0
46,La Rioja,2020,7,20.0
46,La Rioja,2020,8,18.0
46,La Rioja,2020,9,90.0
50,Mendoza,2020,10,1.0
50,Mendoza,2020,11,1.0
50,Mendoza,2020,12,1.0
50,Mendoza,2020,14,1.0
50,Mendoza,2020,19,1.0
50,Mendoza,2020,20,1.0
50,Mendoza,2020,4,2.0
50,Mendoza,2020,6,1.0
50,Mendoza,2020,7,1.0
50,Mendoza,2020,9,1.0
54,Misiones,2020,1,47.0
54,Misiones,2020,10,527.0
54,Misiones,2020,11,618.0
54,Misiones,2020,12,412.0
54,Misiones,2020,13,376.0
54,Misiones,2020,14,367.0
54,Misiones,2020,15,296.0
54,Misiones,2020,16,274.0
54,Misiones,2020,17,266.0
54,Misiones,2020,18,118.0
54,Misiones,2020,19,75.0
54,Misiones,2020,2,142.0
54,Misiones,2020,20,54.0
54,Misiones,2020,21,37.0
54,Misiones,2020,22,29.0
54,Misiones,2020,23,19.0
54,Misiones,2020,24,13.0
54,Misiones,2020,25,2.0
54,Misiones,2020,26,3.0
54,Misiones,2020,27,4.0
54,Misiones,2020,3,124.0
54,Misiones,2020,4,134.0
54,Misiones,2020,5,107.0
54,Misiones,2020,6,200.0
54,Misiones,2020,7,245.0
54,Misiones,2020,8,396.0
54,Misiones,2020,9,543.0
58,Neuquen,2020,10,1.0
58,Neuquen,2020,11,1.0
58,Neuquen,2020,13,1.0
58,Neuquen,2020,6,1.0
58,Neuquen,2020,8,1.0
62,Rio Negro,2020,10,2.0
62,Rio Negro,2020,9,2.0
66,Salta,2020,10,326.0
66,Salta,2020,11,293.0
66,Salta,2020,12,320.0
66,Salta,2020,13,325.0
66,Salta,2020,14,296.0
66,Salta,2020,15,264.0
66,Salta,2020,16,379.0
66,Salta,2020,17,230.0
66,Salta,2020,18,210.0
66,Salta,2020,19,172.0
66,Salta,2020,2,2.0
66,Salta,2020,20,140.0
66,Salta,2020,21,75.0
66,Salta,2020,22,18.0
66,Salta,2020,23,76.0
66,Salta,2020,24,34.0
66,Salta,2020,25,11.0
66,Salta,2020,26,16.0
66,Salta,2020,27,22.0
66,Salta,2020,28,2.0
66,Salta,2020,3,4.0
66,Salta,2020,30,1.0
66,Salta,2020,4,1.0
66,Salta,2020,46,1.0
66,Salta,2020,47,2.0
66,Salta,2020,5,25.0
66,Salta,2020,50,1.0
66,Salta,2020,51,2.0
66,Salta,2020,52,1.0
66,Salta,2020,53,4.0
66,Salta,2020,6,33.0
66,Salta,2020,7,74.0
66,Salta,2020,8,121.0
66,Salta,2020,9,111.0
70,San Juan,2020,11,5.0
70,San Juan,2020,12,5.0
70,San Juan,2020,13,1.0
70,San Juan,2020,14,2.0
70,San Juan,2020,15,2.0
70,San Juan,2020,16,7.0
70,San Juan,2020,17,12.0
70,San Juan,2020,18,24.0
70,San Juan,2020,19,23.0
70,San Juan,2020,20,14.0
70,San Juan,2020,21,4.0
70,San Juan,2020,22,1.0
70,San Juan,2020,23,1.0
70,San Juan,2020,25,1.0
74,San Luis,2020,10,1.0
74,San Luis,2020,11,3.0
74,San Luis,2020,12,3.0
74,San Luis,2020,13,10.0
74,San Luis,2020,14,4.0
74,San Luis,2020,15,2.0
74,San Luis,2020,16,3.0
74,San Luis,2020,8,1.0
78,Santa Cruz,2020,11,1.0
78,Santa Cruz,2020,13,1.0
78,Santa Cruz,2020,14,1.0
78,Santa Cruz,2020,16,1.0
78,Santa Cruz,2020,17,1.0
78,Santa Cruz,2020,22,1.0
82,Santa Fe,2020,10,157.0
82,Santa Fe,2020,11,302.0
82,Santa Fe,2020,12,370.0
82,Santa Fe,2020,13,332.0
82,Santa Fe,2020,14,492.0
82,Santa Fe,2020,15,599.0
82,Santa Fe,2020,16,586.0
82,Santa Fe,2020,17,494.0
82,Santa Fe,2020,18,415.0
82,Santa Fe,2020,19,335.0
82,Santa Fe,2020,20,170.0
82,Santa Fe,2020,21,112.0
82,Santa Fe,2020,22,68.0
82,Santa Fe,2020,23,15.0
82,Santa Fe,2020,24,6.0
82,Santa Fe,2020,25,3.0
82,Santa Fe,2020,27,2.0
82,Santa Fe,2020,30,1.0
82,Santa Fe,2020,31,1.0
82,Santa Fe,2020,44,1.0
82,Santa Fe,2020,46,1.0
82,Santa Fe,2020,6,8.0
82,Santa Fe,2020,7,28.0
82,Santa Fe,2020,8,55.0
82,Santa Fe,2020,9,117.0
86,Santiago del Estero,2020,10,8.0
86,Santiago del Estero,2020,11,1.0
86,Santiago del Estero,2020,12,4.0
86,Santiago del Estero,2020,13,3.0
86,Santiago del Estero,2020,14,2.0
86,Santiago del Estero,2020,17,1.0
86,Santiago del Estero,2020,18,3.0
86,Santiago del Estero,2020,5,1.0
86,Santiago del Estero,2020,8,8.0
86,Santiago del Estero,2020,9,22.0
90,Tucuman,2020,10,8.0
90,Tucuman,2020,11,2.0
90,Tucuman,2020,12,9.0
90,Tucuman,2020,13,4.0
90,Tucuman,2020,14,3.0
90,Tucuman,2020,15,9.0
90,Tucuman,2020,16,20.0
90,Tucuman,2020,17,12.0
90,Tucuman,2020,18,13.0
90,Tucuman,2020,19,10.0
90,Tucuman,2020,20,8.0
90,Tucuman,2020,21,1.0
90,Tucuman,2020,22,2.0
90,Tucuman,2020,23,1.0
90,Tucuman,2020,6,1.0
90,Tucuman,2020,9,1.0
94,Tierra del Fuego,2020,10,1.0
94,Tierra del Fuego,2020,12,1.0
94,Tierra del Fuego,2020,16,1.0
94,Tierra del Fuego,2020,19,1.0
2,CABA,2021,10,1.0
2,CABA,2021,11,1.0
2,CABA,2021,15,1.0
6,Buenos Aires,2021,10,2.0
6,Buenos Aires,2021,12,2.0
6,Buenos Aires,2021,13,1.0
6,Buenos Aires,2021,14,2.0
6,Buenos Aires,2021,15,2.0
10,Catamarca,2021,17,1.0
14,Cordoba,2021,11,1.0
14,Cordoba,2021,15,1.0
14,Cordoba,2021,17,1.0
14,Cordoba,2021,18,3.0
18,Corrientes,2021,7,1.0
18,Corrientes,2021,11,1.0
18,Corrientes,2021,14,2.0
18,Corrientes,2021,15,6.0
18,Corrientes,2021,16,2.0
22,Chaco,2021,14,1.0
22,Chaco,2021,18,1.0
30,Entre Rios,2021,13,4.0
30,Entre Rios,2021,14,1.0
30,Entre Rios,2021,15,3.0
30,Entre Rios,2021,16,5.0
30,Entre Rios,2021,17,4.0
34,Formosa,2021,1,4.0
34,Formosa,2021,2,5.0
34,Formosa,2021,3,17.0
34,Formosa,2021,4,20.0
34,Formosa,2021,5,50.0
34,Formosa,2021,6,67.0
34,Formosa,2021,7,35.0
34,Formosa,2021,8,43.0
34,Formosa,2021,9,6.0
34,Formosa,2021,10,45.0
34,Formosa,2021,11,9.0
34,Formosa,2021,12,1.0
34,Formosa,2021,13,3.0
34,Formosa,2021,16,1.0
34,Formosa,2021,17,1.0
34,Formosa,2021,23,1.0
34,Formosa,2021,24,1.0
34,Formosa,2021,53,2.0
38,Jujuy,2021,7,1.0
38,Jujuy,2021,9,1.0
38,Jujuy,2021,10,5.0
38,Jujuy,2021,11,9.0
38,Jujuy,2021,12,13.0
38,Jujuy,2021,13,19.0
38,Jujuy,2021,14,16.0
38,Jujuy,2021,15,29.0
38,Jujuy,2021,16,56.0
38,Jujuy,2021,17,64.0
38,Jujuy,2021,18,40.0
38,Jujuy,2021,19,20.0
38,Jujuy,2021,20,11.0
38,Jujuy,2021,21,18.0
38,Jujuy,2021,22,14.0
38,Jujuy,2021,23,16.0
38,Jujuy,2021,24,3.0
38,Jujuy,2021,25,2.0
42,La Pampa,2021,10,1.0
46,La Rioja,2021,1,1.0
46,La Rioja,2021,3,2.0
46,La Rioja,2021,4,3.0
46,La Rioja,2021,5,1.0
46,La Rioja,2021,6,11.0
46,La Rioja,2021,7,14.0
46,La Rioja,2021,8,15.0
46,La Rioja,2021,9,24.0
46,La Rioja,2021,10,54.0
46,La Rioja,2021,11,60.0
46,La Rioja,2021,12,67.0
46,La Rioja,2021,13,57.0
46,La Rioja,2021,14,88.0
46,La Rioja,2021,15,127.0
46,La Rioja,2021,16,130.0
46,La Rioja,2021,17,116.0
46,La Rioja,2021,18,87.0
46,La Rioja,2021,19,80.0
46,La Rioja,2021,20,41.0
46,La Rioja,2021,21,24.0
46,La Rioja,2021,22,5.0
46,La Rioja,2021,23,2.0
46,La Rioja,2021,24,1.0
46,La Rioja,2021,25,1.0
50,Mendoza,2021,13,1.0
54,Misiones,2021,2,2.0
54,Misiones,2021,4,2.0
54,Misiones,2021,5,1.0
54,Misiones,2021,6,7.0
54,Misiones,2021,7,3.0
54,Misiones,2021,8,3.0
54,Misiones,2021,9,7.0
54,Misiones,2021,10,10.0
54,Misiones,2021,11,12.0
54,Misiones,2021,12,11.0
54,Misiones,2021,13,4.0
54,Misiones,2021,14,3.0
54,Misiones,2021,15,6.0
54,Misiones,2021,16,10.0
54,Misiones,2021,17,14.0
54,Misiones,2021,18,4.0
54,Misiones,2021,19,2.0
66,Salta,2021,1,4.0
66,Salta,2021,2,10.0
66,Salta,2021,3,16.0
66,Salta,2021,4,25.0
66,Salta,2021,5,43.0
66,Salta,2021,6,17.0
66,Salta,2021,7,49.0
66,Salta,2021,8,67.0
66,Salta,2021,9,72.0
66,Salta,2021,10,96.0
66,Salta,2021,11,111.0
66,Salta,2021,12,61.0
66,Salta,2021,13,78.0
66,Salta,2021,14,106.0
66,Salta,2021,15,108.0
66,Salta,2021,16,164.0
66,Salta,2021,17,159.0
66,Salta,2021,18,145.0
66,Salta,2021,19,88.0
66,Salta,2021,20,37.0
66,Salta,2021,21,42.0
66,Salta,2021,22,43.0
66,Salta,2021,23,18.0
66,Salta,2021,24,12.0
66,Salta,2021,25,1.0
66,Salta,2021,53,2.0
74,San Luis,2021,10,2.0
74,San Luis,2021,14,2.0
74,San Luis,2021,16,1.0
74,San Luis,2021,17,1.0
82,Santa Fe,2021,1,1.0
82,Santa Fe,2021,11,2.0
82,Santa Fe,2021,12,1.0
82,Santa Fe,2021,14,6.0
82,Santa Fe,2021,15,4.0
82,Santa Fe,2021,16,5.0
82,Santa Fe,2021,17,9.0
82,Santa Fe,2021,18,5.0
82,Santa Fe,2021,19,1.0
82,Santa Fe,2021,20,2.0
82,Santa Fe,2021,21,1.0
82,Santa Fe,2021,23,1.0
90,Tucuman,2021,8,1.0
90,Tucuman,2021,10,1.0
90,Tucuman,2021,16,4.0
90,Tucuman,2021,17,1.0
90,Tucuman,2021,18,6.0
90,Tucuman,2021,19,3.0
90,Tucuman,2021,20,1.0
90,Tucuman,2021,21,2.0
90,Tucuman,2021,22,1.0
90,Tucuman,2021,24,3.0
2,CABA,2021,10,1.0
2,CABA,2021,11,1.0
2,CABA,2021,15,1.0
6,Buenos Aires,2021,10,2.0
6,Buenos Aires,2021,12,2.0
6,Buenos Aires,2021,13,2.0
6,Buenos Aires,2021,14,2.0
6,Buenos Aires,2021,15,2.0
6,Buenos Aires,2021,17,1.0
10,Catamarca,2021,17,1.0
10,Catamarca,2021,18,1.0
10,Catamarca,2021,19,1.0
14,Cordoba,2021,11,2.0
14,Cordoba,2021,15,1.0
14,Cordoba,2021,16,1.0
14,Cordoba,2021,17,1.0
14,Cordoba,2021,18,4.0
18,Corrientes,2021,7,1.0
18,Corrientes,2021,11,1.0
18,Corrientes,2021,14,2.0
18,Corrientes,2021,15,6.0
18,Corrientes,2021,16,2.0
18,Corrientes,2021,18,2.0
22,Chaco,2021,14,1.0
22,Chaco,2021,18,1.0
30,Entre Rios,2021,13,4.0
30,Entre Rios,2021,14,1.0
30,Entre Rios,2021,15,3.0
30,Entre Rios,2021,16,5.0
30,Entre Rios,2021,17,4.0
34,Formosa,2021,1,13.0
34,Formosa,2021,2,12.0
34,Formosa,2021,3,16.0
34,Formosa,2021,4,20.0
34,Formosa,2021,5,51.0
34,Formosa,2021,6,73.0
34,Formosa,2021,7,42.0
34,Formosa,2021,8,53.0
34,Formosa,2021,9,13.0
34,Formosa,2021,10,43.0
34,Formosa,2021,11,24.0
34,Formosa,2021,12,2.0
34,Formosa,2021,13,9.0
34,Formosa,2021,14,2.0
34,Formosa,2021,15,4.0
34,Formosa,2021,16,16.0
34,Formosa,2021,17,5.0
34,Formosa,2021,18,3.0
38,Jujuy,2021,7,1.0
38,Jujuy,2021,10,3.0
38,Jujuy,2021,11,5.0
38,Jujuy,2021,12,9.0
38,Jujuy,2021,13,11.0
38,Jujuy,2021,14,10.0
38,Jujuy,2021,15,13.0
38,Jujuy,2021,16,33.0
38,Jujuy,2021,17,36.0
38,Jujuy,2021,18,24.0
38,Jujuy,2021,19,13.0
38,Jujuy,2021,20,5.0
38,Jujuy,2021,21,11.0
38,Jujuy,2021,22,5.0
38,Jujuy,2021,23,7.0
38,Jujuy,2021,24,2.0
38,Jujuy,2021,25,1.0
42,La Pampa,2021,10,1.0
46,La Rioja,2021,1,1.0
46,La Rioja,2021,3,2.0
46,La Rioja,2021,4,3.0
46,La Rioja,2021,5,1.0
46,La Rioja,2021,6,11.0
46,La Rioja,2021,7,16.0
46,La Rioja,2021,8,15.0
46,La Rioja,2021,9,25.0
46,La Rioja,2021,10,54.0
46,La Rioja,2021,11,61.0
46,La Rioja,2021,12,69.0
46,La Rioja,2021,13,61.0
46,La Rioja,2021,14,91.0
46,La Rioja,2021,15,134.0
46,La Rioja,2021,16,144.0
46,La Rioja,2021,17,129.0
46,La Rioja,2021,18,171.0
46,La Rioja,2021,19,122.0
46,La Rioja,2021,20,42.0
46,La Rioja,2021,21,26.0
46,La Rioja,2021,22,7.0
46,La Rioja,2021,23,5.0
46,La Rioja,2021,24,1.0
46,La Rioja,2021,25,1.0
50,Mendoza,2021,13,1.0
54,Misiones,2021,2,2.0
54,Misiones,2021,4,2.0
54,Misiones,2021,5,1.0
54,Misiones,2021,6,7.0
54,Misiones,2021,7,3.0
54,Misiones,2021,8,3.0
54,Misiones,2021,9,9.0
54,Misiones,2021,10,10.0
54,Misiones,2021,11,12.0
54,Misiones,2021,12,11.0
54,Misiones,2021,13,4.0
54,Misiones,2021,14,3.0
54,Misiones,2021,15,6.0
54,Misiones,2021,16,10.0
54,Misiones,2021,17,18.0
54,Misiones,2021,18,5.0
54,Misiones,2021,19,7.0
54,Misiones,2021,20,4.0
54,Misiones,2021,21,1.0
54,Misiones,2021,22,3.0
54,Misiones,2021,24,2.0
66,Salta,2021,1,6.0
66,Salta,2021,2,10.0
66,Salta,2021,3,16.0
66,Salta,2021,4,25.0
66,Salta,2021,5,43.0
66,Salta,2021,6,17.0
66,Salta,2021,7,50.0
66,Salta,2021,8,68.0
66,Salta,2021,9,73.0
66,Salta,2021,10,96.0
66,Salta,2021,11,121.0
66,Salta,2021,12,61.0
66,Salta,2021,13,92.0
66,Salta,2021,14,127.0
66,Salta,2021,15,129.0
66,Salta,2021,16,178.0
66,Salta,2021,17,221.0
66,Salta,2021,18,197.0
66,Salta,2021,19,122.0
66,Salta,2021,20,51.0
66,Salta,2021,21,98.0
66,Salta,2021,22,85.0
66,Salta,2021,23,43.0
66,Salta,2021,24,24.0
66,Salta,2021,30,1.0
74,San Luis,2021,10,2.0
74,San Luis,2021,14,2.0
74,San Luis,2021,16,1.0
74,San Luis,2021,17,1.0
74,San Luis,2021,18,1.0
78,Santa Cruz,2021,19,1.0
82,Santa Fe,2021,1,1.0
82,Santa Fe,2021,5,1.0
82,Santa Fe,2021,11,2.0
82,Santa Fe,2021,12,1.0
82,Santa Fe,2021,14,6.0
82,Santa Fe,2021,15,4.0
82,Santa Fe,2021,16,5.0
82,Santa Fe,2021,17,9.0
82,Santa Fe,2021,18,6.0
82,Santa Fe,2021,19,1.0
82,Santa Fe,2021,20,2.0
82,Santa Fe,2021,21,1.0
82,Santa Fe,2021,23,1.0
90,Tucuman,2021,8,1.0
90,Tucuman,2021,10,1.0
90,Tucuman,2021,16,4.0
90,Tucuman,2021,17,1.0
90,Tucuman,2021,18,6.0
90,Tucuman,2021,19,3.0
90,Tucuman,2021,20,1.0
90,Tucuman,2021,21,2.0
90,Tucuman,2021,22,1.0
90,Tucuman,2021,24,3.0
2,CABA,2022,8,1.0
2,CABA,2022,9,1.0
2,CABA,2022,16,1.0
2,CABA,2022,18,2.0
2,CABA,2022,48,3.0
2,CABA,2022,49,1.0
6,Buenos Aires,2022,4,2.0
6,Buenos Aires,2022,7,5.0
6,Buenos Aires,2022,8,6.0
6,Buenos Aires,2022,9,8.0
6,Buenos Aires,2022,10,11.0
6,Buenos Aires,2022,11,8.0
6,Buenos Aires,2022,12,10.0
6,Buenos Aires,2022,13,14.0
6,Buenos Aires,2022,14,23.0
6,Buenos Aires,2022,15,18.0
6,Buenos Aires,2022,16,14.0
6,Buenos Aires,2022,17,16.0
6,Buenos Aires,2022,18,5.0
6,Buenos Aires,2022,19,4.0
6,Buenos Aires,2022,20,4.0
6,Buenos Aires,2022,32,1.0
6,Buenos Aires,2022,40,1.0
10,Catamarca,2022,4,1.0
10,Catamarca,2022,12,1.0
14,Cordoba,2022,13,1.0
14,Cordoba,2022,16,1.0
14,Cordoba,2022,17,1.0
14,Cordoba,2022,21,1.0
14,Cordoba,2022,40,1.0
14,Cordoba,2022,48,2.0
14,Cordoba,2022,50,1.0
18,Corrientes,2022,31,1.0
50,Mendoza,2022,11,1.0
50,Mendoza,2022,41,1.0
50,Mendoza,2022,44,1.0
54,Misiones,2022,19,1.0
66,Salta,2022,4,2.0
66,Salta,2022,5,3.0
66,Salta,2022,6,1.0
66,Salta,2022,7,1.0
66,Salta,2022,8,1.0
66,Salta,2022,9,1.0
66,Salta,2022,10,9.0
66,Salta,2022,11,23.0
66,Salta,2022,12,39.0
66,Salta,2022,13,37.0
66,Salta,2022,14,84.0
66,Salta,2022,15,77.0
66,Salta,2022,16,88.0
66,Salta,2022,17,86.0
66,Salta,2022,18,66.0
66,Salta,2022,19,36.0
66,Salta,2022,20,16.0
66,Salta,2022,21,18.0
66,Salta,2022,22,6.0
66,Salta,2022,23,1.0
74,San Luis,2022,8,1.0
82,Santa Fe,2022,5,1.0
82,Santa Fe,2022,9,2.0
82,Santa Fe,2022,10,2.0
82,Santa Fe,2022,11,3.0
82,Santa Fe,2022,12,1.0
82,Santa Fe,2022,13,3.0
82,Santa Fe,2022,14,3.0
82,Santa Fe,2022,15,2.0
82,Santa Fe,2022,17,1.0
82,Santa Fe,2022,18,2.0
82,Santa Fe,2022,19,2.0
82,Santa Fe,2022,20,4.0
82,Santa Fe,2022,28,1.0
82,Santa Fe,2022,29,1.0
86,Santiago del Estero,2022,6,1.0
86,Santiago del Estero,2022,14,2.0
86,Santiago del Estero,2022,16,1.0
(en blanco),Sin Especificar,2023,10,1.0
(en blanco),Sin Especificar,2023,11,3.0
(en blanco),Sin Especificar,2023,12,3.0
(en blanco),Sin Especificar,2023,13,9.0
(en blanco),Sin Especificar,2023,14,3.0
(en blanco),Sin Especificar,2023,15,7.0
(en blanco),Sin Especificar,2023,16,1.0
(en blanco),Sin Especificar,2023,17,1.0
(en blanco),Sin Especificar,2023,19,1.0
(en blanco),Sin Especificar,2023,20,1.0
(en blanco),Sin Especificar,2023,21,2.0
(en blanco),Sin Especificar,2023,23,1.0
(en blanco),Sin Especificar,2023,28,1.0
(en blanco),Sin Especificar,2023,50,1.0
(en blanco),Sin Especificar,2023,51,1.0
0,Sin Especificar,2023,5,1.0
0,Sin Especificar,2023,8,3.0
0,Sin Especificar,2023,9,2.0
0,Sin Especificar,2023,10,16.0
0,Sin Especificar,2023,11,18.0
0,Sin Especificar,2023,12,30.0
0,Sin Especificar,2023,13,56.0
0,Sin Especificar,2023,14,54.0
0,Sin Especificar,2023,15,58.0
0,Sin Especificar,2023,16,61.0
0,Sin Especificar,2023,17,34.0
0,Sin Especificar,2023,18,26.0
0,Sin Especificar,2023,19,23.0
0,Sin Especificar,2023,20,17.0
0,Sin Especificar,2023,21,6.0
0,Sin Especificar,2023,22,13.0
0,Sin Especificar,2023,23,6.0
0,Sin Especificar,2023,24,9.0
0,Sin Especificar,2023,27,4.0
0,Sin Especificar,2023,28,7.0
0,Sin Especificar,2023,29,2.0
0,Sin Especificar,2023,31,1.0
0,Sin Especificar,2023,33,1.0
0,Sin Especificar,2023,34,2.0
0,Sin Especificar,2023,44,2.0
0,Sin Especificar,2023,45,2.0
0,Sin Especificar,2023,47,1.0
0,Sin Especificar,2023,48,2.0
0,Sin Especificar,2023,49,4.0
0,Sin Especificar,2023,50,6.0
0,Sin Especificar,2023,51,3.0
0,Sin Especificar,2023,52,5.0
10,Catamarca,2023,9,1.0
10,Catamarca,2023,10,22.0
10,Catamarca,2023,11,24.0
10,Catamarca,2023,12,37.0
10,Catamarca,2023,13,131.0
10,Catamarca,2023,14,136.0
10,Catamarca,2023,15,127.0
10,Catamarca,2023,16,120.0
10,Catamarca,2023,17,113.0
10,Catamarca,2023,18,92.0
10,Catamarca,2023,19,38.0
10,Catamarca,2023,20,32.0
10,Catamarca,2023,21,34.0
10,Catamarca,2023,22,18.0
10,Catamarca,2023,23,12.0
10,Catamarca,2023,24,5.0
10,Catamarca,2023,28,1.0
10,Catamarca,2023,37,1.0
10,Catamarca,2023,45,1.0
14,Cordoba,2023,1,3.0
14,Cordoba,2023,2,1.0
14,Cordoba,2023,4,1.0
14,Cordoba,2023,5,2.0
14,Cordoba,2023,7,7.0
14,Cordoba,2023,8,12.0
14,Cordoba,2023,9,18.0
14,Cordoba,2023,10,104.0
14,Cordoba,2023,11,280.0
14,Cordoba,2023,12,640.0
14,Cordoba,2023,13,1127.0
14,Cordoba,2023,14,1254.0
14,Cordoba,2023,15,1278.0
14,Cordoba,2023,16,1109.0
14,Cordoba,2023,17,707.0
14,Cordoba,2023,18,499.0
14,Cordoba,2023,19,319.0
14,Cordoba,2023,20,241.0
14,Cordoba,2023,21,171.0
14,Cordoba,2023,22,114.0
14,Cordoba,2023,23,92.0
14,Cordoba,2023,24,70.0
14,Cordoba,2023,25,25.0
14,Cordoba,2023,26,5.0
14,Cordoba,2023,27,7.0
14,Cordoba,2023,28,2.0
14,Cordoba,2023,29,3.0
14,Cordoba,2023,32,1.0
14,Cordoba,2023,33,1.0
14,Cordoba,2023,36,1.0
14,Cordoba,2023,39,4.0
14,Cordoba,2023,41,2.0
14,Cordoba,2023,42,1.0
14,Cordoba,2023,43,2.0
14,Cordoba,2023,46,1.0
14,Cordoba,2023,47,1.0
14,Cordoba,2023,48,1.0
14,Cordoba,2023,49,1.0
14,Cordoba,2023,50,4.0
14,Cordoba,2023,51,12.0
14,Cordoba,2023,52,4.0
18,Corrientes,2023,2,1.0
18,Corrientes,2023,7,1.0
18,Corrientes,2023,8,5.0
18,Corrientes,2023,9,2.0
18,Corrientes,2023,10,12.0
18,Corrientes,2023,11,32.0
18,Corrientes,2023,12,46.0
18,Corrientes,2023,13,33.0
18,Corrientes,2023,14,78.0
18,Corrientes,2023,15,71.0
18,Corrientes,2023,16,130.0
18,Corrientes,2023,17,159.0
18,Corrientes,2023,18,102.0
18,Corrientes,2023,19,93.0
18,Corrientes,2023,20,92.0
18,Corrientes,2023,21,94.0
18,Corrientes,2023,22,91.0
18,Corrientes,2023,23,130.0
18,Corrientes,2023,24,74.0
18,Corrientes,2023,25,30.0
18,Corrientes,2023,26,44.0
18,Corrientes,2023,27,39.0
18,Corrientes,2023,28,45.0
18,Corrientes,2023,29,28.0
18,Corrientes,2023,30,28.0
18,Corrientes,2023,31,21.0
18,Corrientes,2023,32,16.0
18,Corrientes,2023,33,2.0
18,Corrientes,2023,34,1.0
18,Corrientes,2023,37,32.0
18,Corrientes,2023,38,16.0
18,Corrientes,2023,39,10.0
18,Corrientes,2023,40,6.0
18,Corrientes,2023,41,17.0
18,Corrientes,2023,42,8.0
18,Corrientes,2023,43,14.0
18,Corrientes,2023,44,19.0
18,Corrientes,2023,45,15.0
18,Corrientes,2023,46,20.0
18,Corrientes,2023,47,47.0
18,Corrientes,2023,48,52.0
18,Corrientes,2023,49,124.0
18,Corrientes,2023,50,156.0
18,Corrientes,2023,51,228.0
18,Corrientes,2023,52,394.0
2,CABA,2023,1,3.0
2,CABA,2023,2,1.0
2,CABA,2023,3,1.0
2,CABA,2023,4,2.0
2,CABA,2023,5,11.0
2,CABA,2023,6,7.0
2,CABA,2023,7,22.0
2,CABA,2023,8,44.0
2,CABA,2023,9,146.0
2,CABA,2023,10,307.0
2,CABA,2023,11,760.0
2,CABA,2023,12,1648.0
2,CABA,2023,13,2395.0
2,CABA,2023,14,1868.0
2,CABA,2023,15,1911.0
2,CABA,2023,16,1521.0
2,CABA,2023,17,723.0
2,CABA,2023,18,717.0
2,CABA,2023,19,387.0
2,CABA,2023,20,239.0
2,CABA,2023,21,109.0
2,CABA,2023,22,103.0
2,CABA,2023,23,54.0
2,CABA,2023,24,14.0
2,CABA,2023,25,4.0
2,CABA,2023,26,1.0
2,CABA,2023,27,5.0
2,CABA,2023,28,2.0
2,CABA,2023,31,5.0
2,CABA,2023,34,2.0
2,CABA,2023,35,1.0
2,CABA,2023,36,1.0
2,CABA,2023,38,1.0
2,CABA,2023,40,1.0
2,CABA,2023,41,1.0
2,CABA,2023,45,2.0
2,CABA,2023,47,1.0
2,CABA,2023,48,1.0
2,CABA,2023,49,1.0
2,CABA,2023,50,3.0
2,CABA,2023,51,1.0
2,CABA,2023,52,8.0
22,Chaco,2023,1,4.0
22,Chaco,2023,2,1.0
22,Chaco,2023,4,1.0
22,Chaco,2023,5,5.0
22,Chaco,2023,6,4.0
22,Chaco,2023,7,1.0
22,Chaco,2023,8,1.0
22,Chaco,2023,9,4.0
22,Chaco,2023,10,6.0
22,Chaco,2023,11,17.0
22,Chaco,2023,12,58.0
22,Chaco,2023,13,200.0
22,Chaco,2023,14,328.0
22,Chaco,2023,15,728.0
22,Chaco,2023,16,834.0
22,Chaco,2023,17,854.0
22,Chaco,2023,18,691.0
22,Chaco,2023,19,835.0
22,Chaco,2023,20,828.0
22,Chaco,2023,21,837.0
22,Chaco,2023,22,1180.0
22,Chaco,2023,23,1025.0
22,Chaco,2023,24,818.0
22,Chaco,2023,25,353.0
22,Chaco,2023,26,405.0
22,Chaco,2023,27,530.0
22,Chaco,2023,28,555.0
22,Chaco,2023,29,215.0
22,Chaco,2023,30,126.0
22,Chaco,2023,31,139.0
22,Chaco,2023,32,218.0
22,Chaco,2023,33,189.0
22,Chaco,2023,34,130.0
22,Chaco,2023,35,99.0
22,Chaco,2023,36,96.0
22,Chaco,2023,37,77.0
22,Chaco,2023,38,86.0
22,Chaco,2023,39,89.0
22,Chaco,2023,40,79.0
22,Chaco,2023,41,101.0
22,Chaco,2023,42,142.0
22,Chaco,2023,43,134.0
22,Chaco,2023,44,129.0
22,Chaco,2023,45,167.0
22,Chaco,2023,46,186.0
22,Chaco,2023,47,347.0
22,Chaco,2023,48,515.0
22,Chaco,2023,49,487.0
22,Chaco,2023,50,866.0
22,Chaco,2023,51,1031.0
22,Chaco,2023,52,1247.0
30,Entre Rios,2023,8,2.0
30,Entre Rios,2023,9,5.0
30,Entre Rios,2023,10,6.0
30,Entre Rios,2023,11,22.0
30,Entre Rios,2023,12,51.0
30,Entre Rios,2023,13,70.0
30,Entre Rios,2023,14,113.0
30,Entre Rios,2023,15,152.0
30,Entre Rios,2023,16,91.0
30,Entre Rios,2023,17,54.0
30,Entre Rios,2023,18,51.0
30,Entre Rios,2023,19,38.0
30,Entre Rios,2023,20,23.0
30,Entre Rios,2023,21,7.0
30,Entre Rios,2023,22,8.0
30,Entre Rios,2023,23,9.0
30,Entre Rios,2023,24,6.0
30,Entre Rios,2023,25,1.0
30,Entre Rios,2023,26,2.0
30,Entre Rios,2023,27,3.0
30,Entre Rios,2023,28,1.0
30,Entre Rios,2023,49,1.0
30,Entre Rios,2023,50,1.0
30,Entre Rios,2023,52,5.0
34,Formosa,2023,3,1.0
34,Formosa,2023,6,5.0
34,Formosa,2023,7,3.0
34,Formosa,2023,8,2.0
34,Formosa,2023,9,4.0
34,Formosa,2023,10,17.0
34,Formosa,2023,11,22.0
34,Formosa,2023,12,18.0
34,Formosa,2023,13,42.0
34,Formosa,2023,14,38.0
34,Formosa,2023,15,50.0
34,Formosa,2023,16,38.0
34,Formosa,2023,17,20.0
34,Formosa,2023,18,56.0
34,Formosa,2023,19,101.0
34,Formosa,2023,20,10.0
34,Formosa,2023,21,15.0
34,Formosa,2023,22,18.0
34,Formosa,2023,23,17.0
34,Formosa,2023,24,2.0
34,Formosa,2023,25,1.0
34,Formosa,2023,26,6.0
34,Formosa,2023,27,10.0
34,Formosa,2023,28,7.0
34,Formosa,2023,29,9.0
34,Formosa,2023,30,7.0
34,Formosa,2023,31,32.0
34,Formosa,2023,32,16.0
34,Formosa,2023,33,14.0
34,Formosa,2023,34,6.0
34,Formosa,2023,35,3.0
34,Formosa,2023,36,2.0
34,Formosa,2023,37,4.0
34,Formosa,2023,38,5.0
34,Formosa,2023,40,8.0
34,Formosa,2023,41,2.0
34,Formosa,2023,42,7.0
34,Formosa,2023,43,47.0
34,Formosa,2023,44,46.0
34,Formosa,2023,45,24.0
34,Formosa,2023,46,108.0
34,Formosa,2023,47,25.0
34,Formosa,2023,48,68.0
34,Formosa,2023,49,58.0
34,Formosa,2023,50,11.0
34,Formosa,2023,51,8.0
34,Formosa,2023,52,694.0
38,Jujuy,2023,4,2.0
38,Jujuy,2023,5,4.0
38,Jujuy,2023,6,15.0
38,Jujuy,2023,7,50.0
38,Jujuy,2023,8,52.0
38,Jujuy,2023,9,57.0
38,Jujuy,2023,10,149.0
38,Jujuy,2023,11,329.0
38,Jujuy,2023,12,652.0
38,Jujuy,2023,13,1052.0
38,Jujuy,2023,14,798.0
38,Jujuy,2023,15,831.0
38,Jujuy,2023,16,406.0
38,Jujuy,2023,17,351.0
38,Jujuy,2023,18,211.0
38,Jujuy,2023,19,137.0
38,Jujuy,2023,20,143.0
38,Jujuy,2023,21,80.0
38,Jujuy,2023,22,100.0
38,Jujuy,2023,23,33.0
38,Jujuy,2023,24,27.0
38,Jujuy,2023,25,9.0
38,Jujuy,2023,26,11.0
38,Jujuy,2023,27,11.0
38,Jujuy,2023,28,6.0
38,Jujuy,2023,29,2.0
38,Jujuy,2023,30,1.0
38,Jujuy,2023,31,3.0
38,Jujuy,2023,34,3.0
38,Jujuy,2023,37,1.0
38,Jujuy,2023,40,2.0
38,Jujuy,2023,41,2.0
38,Jujuy,2023,45,1.0
38,Jujuy,2023,48,2.0
38,Jujuy,2023,49,1.0
38,Jujuy,2023,52,1.0
42,La Pampa,2023,12,1.0
42,La Pampa,2023,24,1.0
46,La Rioja,2023,11,2.0
46,La Rioja,2023,12,13.0
46,La Rioja,2023,13,22.0
46,La Rioja,2023,14,29.0
46,La Rioja,2023,15,70.0
46,La Rioja,2023,16,46.0
46,La Rioja,2023,17,42.0
46,La Rioja,2023,18,60.0
46,La Rioja,2023,19,32.0
46,La Rioja,2023,20,31.0
46,La Rioja,2023,21,20.0
46,La Rioja,2023,22,14.0
46,La Rioja,2023,23,5.0
46,La Rioja,2023,24,9.0
50,Mendoza,2023,15,1.0
50,Mendoza,2023,16,3.0
50,Mendoza,2023,17,1.0
50,Mendoza,2023,19,1.0
54,Misiones,2023,1,1.0
54,Misiones,2023,4,1.0
54,Misiones,2023,5,1.0
54,Misiones,2023,9,3.0
54,Misiones,2023,11,4.0
54,Misiones,2023,12,11.0
54,Misiones,2023,13,17.0
54,Misiones,2023,14,12.0
54,Misiones,2023,15,22.0
54,Misiones,2023,16,28.0
54,Misiones,2023,17,24.0
54,Misiones,2023,18,28.0
54,Misiones,2023,19,24.0
54,Misiones,2023,20,15.0
54,Misiones,2023,21,9.0
54,Misiones,2023,22,14.0
54,Misiones,2023,23,12.0
54,Misiones,2023,24,6.0
54,Misiones,2023,25,3.0
54,Misiones,2023,26,1.0
54,Misiones,2023,27,2.0
54,Misiones,2023,28,7.0
54,Misiones,2023,29,2.0
54,Misiones,2023,30,1.0
54,Misiones,2023,31,3.0
54,Misiones,2023,32,5.0
54,Misiones,2023,33,4.0
54,Misiones,2023,34,2.0
54,Misiones,2023,35,1.0
54,Misiones,2023,36,1.0
54,Misiones,2023,37,2.0
54,Misiones,2023,38,1.0
54,Misiones,2023,39,1.0
54,Misiones,2023,40,5.0
54,Misiones,2023,41,2.0
54,Misiones,2023,42,2.0
54,Misiones,2023,43,6.0
54,Misiones,2023,44,4.0
54,Misiones,2023,45,12.0
54,Misiones,2023,46,14.0
54,Misiones,2023,47,37.0
54,Misiones,2023,48,66.0
54,Misiones,2023,49,155.0
54,Misiones,2023,50,399.0
54,Misiones,2023,51,283.0
54,Misiones,2023,52,297.0
6,Buenos Aires,2023,1,1.0
6,Buenos Aires,2023,2,1.0
6,Buenos Aires,2023,3,2.0
6,Buenos Aires,2023,5,3.0
6,Buenos Aires,2023,6,5.0
6,Buenos Aires,2023,7,13.0
6,Buenos Aires,2023,8,30.0
6,Buenos Aires,2023,9,95.0
6,Buenos Aires,2023,10,256.0
6,Buenos Aires,2023,11,588.0
6,Buenos Aires,2023,12,1392.0
6,Buenos Aires,2023,13,1936.0
6,Buenos Aires,2023,14,1467.0
6,Buenos Aires,2023,15,1605.0
6,Buenos Aires,2023,16,1075.0
6,Buenos Aires,2023,17,507.0
6,Buenos Aires,2023,18,406.0
6,Buenos Aires,2023,19,322.0
6,Buenos Aires,2023,20,126.0
6,Buenos Aires,2023,21,80.0
6,Buenos Aires,2023,22,64.0
6,Buenos Aires,2023,23,42.0
6,Buenos Aires,2023,24,20.0
6,Buenos Aires,2023,25,5.0
6,Buenos Aires,2023,26,7.0
6,Buenos Aires,2023,27,3.0
6,Buenos Aires,2023,28,5.0
6,Buenos Aires,2023,29,1.0
6,Buenos Aires,2023,30,4.0
6,Buenos Aires,2023,31,7.0
6,Buenos Aires,2023,32,4.0
6,Buenos Aires,2023,34,1.0
6,Buenos Aires,2023,35,1.0
6,Buenos Aires,2023,38,1.0
6,Buenos Aires,2023,40,1.0
6,Buenos Aires,2023,41,1.0
6,Buenos Aires,2023,42,1.0
6,Buenos Aires,2023,43,2.0
6,Buenos Aires,2023,45,3.0
6,Buenos Aires,2023,46,6.0
6,Buenos Aires,2023,47,5.0
6,Buenos Aires,2023,48,2.0
6,Buenos Aires,2023,49,3.0
6,Buenos Aires,2023,50,5.0
6,Buenos Aires,2023,51,15.0
6,Buenos Aires,2023,52,20.0
66,Salta,2023,3,1.0
66,Salta,2023,4,8.0
66,Salta,2023,5,12.0
66,Salta,2023,6,59.0
66,Salta,2023,7,104.0
66,Salta,2023,8,184.0
66,Salta,2023,9,317.0
66,Salta,2023,10,672.0
66,Salta,2023,11,1125.0
66,Salta,2023,12,1769.0
66,Salta,2023,13,2090.0
66,Salta,2023,14,1422.0
66,Salta,2023,15,1783.0
66,Salta,2023,16,1358.0
66,Salta,2023,17,1034.0
66,Salta,2023,18,968.0
66,Salta,2023,19,498.0
66,Salta,2023,20,485.0
66,Salta,2023,21,340.0
66,Salta,2023,22,447.0
66,Salta,2023,23,247.0
66,Salta,2023,24,161.0
66,Salta,2023,25,42.0
66,Salta,2023,26,39.0
66,Salta,2023,27,54.0
66,Salta,2023,28,16.0
66,Salta,2023,29,7.0
66,Salta,2023,30,4.0
66,Salta,2023,31,7.0
66,Salta,2023,32,2.0
66,Salta,2023,33,2.0
66,Salta,2023,35,1.0
66,Salta,2023,38,1.0
66,Salta,2023,40,3.0
66,Salta,2023,43,1.0
66,Salta,2023,44,1.0
66,Salta,2023,45,3.0
66,Salta,2023,46,1.0
66,Salta,2023,50,1.0
66,Salta,2023,51,2.0
66,Salta,2023,52,1.0
74,San Luis,2023,9,1.0
74,San Luis,2023,13,3.0
74,San Luis,2023,14,5.0
74,San Luis,2023,15,10.0
74,San Luis,2023,16,6.0
74,San Luis,2023,17,2.0
74,San Luis,2023,18,2.0
74,San Luis,2023,20,1.0
74,San Luis,2023,21,1.0
74,San Luis,2023,22,2.0
74,San Luis,2023,23,1.0
74,San Luis,2023,50,1.0
82,Santa Fe,2023,2,1.0
82,Santa Fe,2023,3,4.0
82,Santa Fe,2023,4,13.0
82,Santa Fe,2023,5,52.0
82,Santa Fe,2023,6,285.0
82,Santa Fe,2023,7,189.0
82,Santa Fe,2023,8,396.0
82,Santa Fe,2023,9,514.0
82,Santa Fe,2023,10,861.0
82,Santa Fe,2023,11,1707.0
82,Santa Fe,2023,12,2070.0
82,Santa Fe,2023,13,2927.0
82,Santa Fe,2023,14,2260.0
82,Santa Fe,2023,15,3477.0
82,Santa Fe,2023,16,2554.0
82,Santa Fe,2023,17,1362.0
82,Santa Fe,2023,18,840.0
82,Santa Fe,2023,19,633.0
82,Santa Fe,2023,20,527.0
82,Santa Fe,2023,21,268.0
82,Santa Fe,2023,22,289.0
82,Santa Fe,2023,23,222.0
82,Santa Fe,2023,24,163.0
82,Santa Fe,2023,25,24.0
82,Santa Fe,2023,26,19.0
82,Santa Fe,2023,27,23.0
82,Santa Fe,2023,28,15.0
82,Santa Fe,2023,29,9.0
82,Santa Fe,2023,30,4.0
82,Santa Fe,2023,31,7.0
82,Santa Fe,2023,32,4.0
82,Santa Fe,2023,33,1.0
82,Santa Fe,2023,34,3.0
82,Santa Fe,2023,35,2.0
82,Santa Fe,2023,36,3.0
82,Santa Fe,2023,38,1.0
82,Santa Fe,2023,39,2.0
82,Santa Fe,2023,40,1.0
82,Santa Fe,2023,43,1.0
82,Santa Fe,2023,45,2.0
82,Santa Fe,2023,46,9.0
82,Santa Fe,2023,47,3.0
82,Santa Fe,2023,48,3.0
82,Santa Fe,2023,49,2.0
82,Santa Fe,2023,50,8.0
82,Santa Fe,2023,51,6.0
82,Santa Fe,2023,52,9.0
86,Santiago del Estero,2023,1,1.0
86,Santiago del Estero,2023,3,2.0
86,Santiago del Estero,2023,5,1.0
86,Santiago del Estero,2023,6,1.0
86,Santiago del Estero,2023,7,8.0
86,Santiago del Estero,2023,8,23.0
86,Santiago del Estero,2023,9,146.0
86,Santiago del Estero,2023,10,430.0
86,Santiago del Estero,2023,11,455.0
86,Santiago del Estero,2023,12,1001.0
86,Santiago del Estero,2023,13,2197.0
86,Santiago del Estero,2023,14,1725.0
86,Santiago del Estero,2023,15,1869.0
86,Santiago del Estero,2023,16,1934.0
86,Santiago del Estero,2023,17,998.0
86,Santiago del Estero,2023,18,968.0
86,Santiago del Estero,2023,19,771.0
86,Santiago del Estero,2023,20,918.0
86,Santiago del Estero,2023,21,518.0
86,Santiago del Estero,2023,22,610.0
86,Santiago del Estero,2023,23,438.0
86,Santiago del Estero,2023,24,323.0
86,Santiago del Estero,2023,25,294.0
86,Santiago del Estero,2023,26,65.0
86,Santiago del Estero,2023,27,46.0
86,Santiago del Estero,2023,28,8.0
86,Santiago del Estero,2023,29,3.0
86,Santiago del Estero,2023,30,2.0
86,Santiago del Estero,2023,31,4.0
86,Santiago del Estero,2023,32,2.0
86,Santiago del Estero,2023,33,1.0
86,Santiago del Estero,2023,38,1.0
86,Santiago del Estero,2023,41,2.0
86,Santiago del Estero,2023,42,1.0
86,Santiago del Estero,2023,43,2.0
86,Santiago del Estero,2023,45,1.0
86,Santiago del Estero,2023,46,1.0
86,Santiago del Estero,2023,48,3.0
86,Santiago del Estero,2023,49,5.0
86,Santiago del Estero,2023,50,4.0
86,Santiago del Estero,2023,51,18.0
86,Santiago del Estero,2023,52,34.0
90,Tucuman,2023,4,1.0
90,Tucuman,2023,5,38.0
90,Tucuman,2023,6,162.0
90,Tucuman,2023,7,148.0
90,Tucuman,2023,8,229.0
90,Tucuman,2023,9,359.0
90,Tucuman,2023,10,825.0
90,Tucuman,2023,11,1746.0
90,Tucuman,2023,12,2681.0
90,Tucuman,2023,13,2969.0
90,Tucuman,2023,14,2480.0
90,Tucuman,2023,15,2985.0
90,Tucuman,2023,16,2008.0
90,Tucuman,2023,17,2732.0
90,Tucuman,2023,18,878.0
90,Tucuman,2023,19,825.0
90,Tucuman,2023,20,667.0
90,Tucuman,2023,21,573.0
90,Tucuman,2023,22,657.0
90,Tucuman,2023,23,321.0
90,Tucuman,2023,24,209.0
90,Tucuman,2023,25,125.0
90,Tucuman,2023,26,182.0
90,Tucuman,2023,27,127.0
90,Tucuman,2023,28,157.0
90,Tucuman,2023,29,56.0
90,Tucuman,2023,30,2.0
90,Tucuman,2023,31,2.0
90,Tucuman,2023,32,2.0
90,Tucuman,2023,33,2.0
90,Tucuman,2023,34,8.0
90,Tucuman,2023,35,1.0
90,Tucuman,2023,41,1.0
90,Tucuman,2023,43,1.0
90,Tucuman,2023,44,2.0
90,Tucuman,2023,45,1.0
90,Tucuman,2023,48,2.0
90,Tucuman,2023,50,1.0
90,Tucuman,2023,51,1.0
90,Tucuman,2023,52,5.0
